Delapril	indication	hypertensive disorder
Perindopril	indication	hypertensive disorder
Oxprenolol	indication	hypertensive disorder
Nisoldipine	indication	hypertension
Mecamylamine	indication	hypertension
Methyldopa	indication	hypertension
Guanadrel	indication	hypertensive disorder
Guanadrel	indication	hypertension
Endralazine	indication	hypertensive disorder
Clevidipine	indication	hypertensive disorder
Valsartan	indication	hypertension
Methyclothiazide	indication	hypertensive disorder
Azelnidipine	indication	hypertensive disorder
Meticrane	indication	hypertension
Eplerenone	indication	hypertension
Lercanidipine	indication	hypertension
Pramipexole	indication	restless legs syndrome
Opicapone	indication	Parkinson disease
Opicapone	indication	X-linked parkinsonism-spasticity syndrome
Ropinirole	indication	hemiparkinsonism-hemiatrophy syndrome
Cycrimine	indication	X-linked parkinsonism-spasticity syndrome
Amantadine	indication	X-linked parkinsonism-spasticity syndrome
Levodopa	indication	hemiparkinsonism-hemiatrophy syndrome
Apomorphine	indication	parkinsonian-pyramidal syndrome
Apomorphine	indication	juvenile onset Parkinson disease 19A
Carbidopa	indication	hemiparkinsonism-hemiatrophy syndrome
Carbidopa	indication	atypical juvenile parkinsonism
Droxidopa	indication	X-linked parkinsonism-spasticity syndrome
Istradefylline	indication	juvenile onset Parkinson disease 19A
Istradefylline	indication	hemiparkinsonism-hemiatrophy syndrome
Selegiline	indication	hereditary late onset Parkinson disease
Trihexyphenidyl	indication	juvenile onset Parkinson disease 19A
Pramipexole	indication	early-onset parkinsonism-intellectual disability syndrome
Droxidopa	indication	orthostatic hypotension
Benzatropine	indication	focal hand dystonia
Benzatropine	indication	blepharospasm
Metharbital	indication	insomnia (disease)
Sertaconazole	indication	tinea pedis
Clioquinol	indication	tinea pedis
Oxitropium	indication	COPD, severe early onset
Methantheline	indication	gastric ulcer (disease)
Aluminum hydroxide	indication	gastric ulcer (disease)
Trichloroacetate	indication	anogenital human papillomavirus infection
Cianidanol	indication	anogenital human papillomavirus infection
Triamcinolone	indication	autoimmune disease
Masoprocol	indication	actinic keratosis (disease)
Diclofenac	indication	melanoacanthoma
Aminolevulinic acid	indication	inverted follicular keratosis
Moclobemide	indication	anxiety disorder
Setiptiline	indication	neurotic disorder
Iproniazid	indication	dysthymic disorder
Desipramine	indication	dysthymic disorder
Protriptyline	indication	neurotic disorder
Protriptyline	indication	dysthymic disorder
Butriptyline	indication	dysthymic disorder
Opipramol	indication	neurotic disorder
Lofepramine	indication	neurotic disorder
Caroxazone	indication	neurotic disorder
Doxepin	indication	neurotic disorder
Cariprazine	indication	manic bipolar affective disorder
Oxcarbazepine	indication	partial epilepsy
Lorazepam	indication	absence epilepsy
Trimethadione	indication	absence epilepsy
Cariprazine	indication	bipolar disorder
Mometasone furoate	indication	exanthem (disease)
Cortisone acetate	indication	exanthem (disease)
Hydrochlorothiazide	indication	congestive heart failure
Trifluridine	indication	herpes simplex virus keratitis
Testosterone	indication	X-linked intellectual disability with isolated growth hormone deficiency
Hydrocortisone	indication	humoral hypercalcemia of malignancy
Dexamethasone	indication	humoral hypercalcemia of malignancy
Vincristine	indication	acute lymphoblastic/lymphocytic leukemia
Vindesine	indication	acute lymphoblastic leukemia (disease)
Prednisolone	indication	leukemia, lymphocytic, susceptibility to
Hydrocortisone	indication	acute lymphoblastic/lymphocytic leukemia
Hydrocortisone acetate	indication	acute lymphoblastic leukemia (disease)
Clofarabine	indication	precursor T-cell acute lymphoblastic leukemia
Methylprednisolone	indication	pulmonary eosinophilia
Prednisone	indication	adrenocortical insufficiency
Hydrocortisone	indication	Addison disease
Cortisone acetate	indication	adrenocortical insufficiency
Cortisone acetate	indication	Crohn disease
Certolizumab pegol	indication	Crohn disease
Methylprednisolone	indication	congenital adrenal hyperplasia
Methylprednisolone	indication	adrenogenital syndrome
Cortisone acetate	indication	adrenogenital syndrome
Triamcinolone	indication	congenital adrenal hyperplasia
Prednisolone	indication	pemphigus
Triamcinolone	indication	pemphigus
Methylprednisolone	indication	acquired angioedema
Promazine	indication	renin-angiotensin-aldosterone system-blocker-induced angioedema
Cortisone acetate	indication	renin-angiotensin-aldosterone system-blocker-induced angioedema
Dexamethasone	indication	non-histaminic angioedema
Triamcinolone	indication	angioedema
Triamcinolone	indication	non-histaminic angioedema
Triamcinolone	indication	hereditary angioedema
Prednisolone	indication	bursitis
Carbenoxolone	indication	peptic ulcer disease
Oxyphencyclimine	indication	peptic ulcer disease
Hydrocortisone	indication	psoriatic arthritis
Hydrocortisone acetate	indication	psoriatic arthritis
Etanercept	indication	psoriatic arthritis
Hydrocortisone	indication	nephrotic syndrome
Hydrocortisone	indication	lipoid nephrosis
Methylprednisolone hemisuccinate	indication	lipoid nephrosis
Triamcinolone	indication	lipoid nephrosis
Paclitaxel	indication	open-angle glaucoma
Timolol	indication	open-angle glaucoma
Dorzolamide	indication	open-angle glaucoma
Choline magnesium trisalicylate	indication	rheumatoid arthritis
Cortisone acetate	indication	rheumatoid arthritis
Tenidap	indication	rheumatoid arthritis
Mometasone furoate	indication	atopic eczema
Fluticasone propionate	indication	atopic eczema
Prednicarbate	indication	dermatitis, atopic
Fluocinolone acetonide	indication	atopic eczema
Urea	indication	dermatitis, atopic
Tranilast	indication	dermatitis, atopic
Prednisolone	indication	atopic eczema
Flurandrenolide	indication	atopic eczema
Triamcinolone	indication	dermatitis, atopic
Dupilumab	indication	dermatitis, atopic
Tacrolimus	indication	atopic eczema
Eldecalcitol	indication	postmenopausal osteoporosis
Methylprednisolone	indication	contact dermatitis
Fluticasone propionate	indication	contact dermatitis
Desonide	indication	occupational dermatitis
Hydrocortisone	indication	occupational dermatitis
Desoximetasone	indication	occupational dermatitis
Prednisolone	indication	autoimmune thrombocytopenic
Hydrocortisone	indication	autoimmune thrombocytopenic
Clopenthixol	indication	psychotic disorder
Haloperidol	indication	mental disorder
Hydrocortisone acetate	indication	fetal erythroblastosis
Methylprednisolone	indication	aspiration pneumonia (disease)
Prednisolone	indication	aspiration pneumonia (disease)
Hydrocortisone	indication	pneumonitis
Hydrocortisone	indication	aspiration pneumonia (disease)
Beclomethasone dipropionate	indication	asthma
Reproterol	indication	asthma
Cortisone acetate	indication	intrinsic asthma
Hydrocortisone acetate	indication	allergic asthma
Dexamethasone	indication	asthma
Dexamethasone	indication	intrinsic asthma
Ciclesonide	indication	asthma
Ciclesonide	indication	allergic asthma
Pranlukast	indication	intrinsic asthma
Calcium chloride	indication	potassium deficiency disease
Hydrocortisone	indication	Trichinella spiralis infectious disease
Cortisone acetate	indication	Trichinella spiralis infectious disease
Thiabendazole	indication	trichinosis
Thiabendazole	indication	enterobiasis
Aceclofenac	indication	spondyloarthropathy, susceptibility to
Methylprednisolone	indication	spondyloarthropathy, susceptibility to
Prednisone	indication	spondyloarthropathy, susceptibility to
Hydrocortisone	indication	ankylosing spondylitis
Naproxen	indication	ankylosing spondylitis
Infliximab	indication	ankylosing spondylitis
Oxymetholone	indication	Diamond-Blackfan anemia
Betamethasone	indication	Diamond-Blackfan anemia
Methylprednisolone	indication	granulomatous slack skin disease
Methotrexate	indication	folliculotropic mycosis fungoides
Prednisolone	indication	mycosis fungoides and variants
Cyclophosphamide	indication	primary cutaneous T-cell lymphoma
Cyclophosphamide	indication	granulomatous slack skin disease
Cortisone acetate	indication	mycosis fungoides and variants
Hydrocortisone acetate	indication	primary cutaneous T-cell lymphoma
Dexamethasone	indication	localized pagetoid reticulosis
Betamethasone	indication	mycosis fungoides and variants
Triamcinolone	indication	granulomatous slack skin disease
Mogamulizumab	indication	primary cutaneous T-cell lymphoma
Hydrocortisone	indication	exostosis
Hydrocortisone acetate	indication	periarthritis
Naproxen	indication	exostosis
Prednisone	indication	erythema multiforme
Methylprednisolone	indication	dermatitis herpetiformis
Ammonia	indication	parapsoriasis
Hydrocortisone	indication	psoriasis
Hydrocortisone acetate	indication	psoriasis
Tazarotene	indication	psoriasis
Methylprednisolone	indication	serum sickness
Hydrocortisone	indication	serum sickness
Canakinumab	indication	gout
Dexamethasone	indication	gout
Triamcinolone	indication	gout
Mepyramine	indication	vasomotor rhinitis
Ebastine	indication	vasomotor rhinitis
Cetirizine	indication	allergic rhinitis
Phenindamine	indication	allergic rhinitis
Phenylephrine	indication	allergic rhinitis
Phenylephrine	indication	vasomotor rhinitis
Azelastine	indication	allergic rhinitis
Prednisone	indication	allergic rhinitis
Scopolamine	indication	vasomotor rhinitis
Triprolidine	indication	allergic rhinitis
Methdilazine	indication	vasomotor rhinitis
Methscopolamine	indication	vasomotor rhinitis
Olopatadine	indication	vasomotor rhinitis
Brentuximab vedotin	indication	classic Hodgkin lymphoma, lymphocyte-rich type
Vinblastine	indication	obsolete Hodgkin's granuloma
Vincristine	indication	Hodgkins lymphoma
Vincristine	indication	Hodgkin's paragranuloma
Betamethasone	indication	Hodgkins lymphoma
Carmustine	indication	classic Hodgkin lymphoma, lymphocyte-rich type
Bleomycin	indication	classic Hodgkin lymphoma
Poractant alfa	indication	acute respiratory distress syndrome
Methylprednisolone	indication	sarcoidosis
Insulin detemir	indication	diabetes mellitus (disease)
Dexamethasone	indication	tenosynovitis
Hydrocortisone	indication	chronic beryllium disease
Vincristine	indication	B-cell neoplasm
Prednisone	indication	Langerhans cell histiocytosis
Thiotepa	indication	Langerhans cell histiocytosis
Thiotepa	indication	B-cell neoplasm
Prednisolone	indication	non-Hodgkin lymphoma
Hydrocortisone acetate	indication	lymphoma, non-Hodgkin, familial
Betamethasone	indication	lymphosarcoma
Cortisone acetate	indication	thyroiditis (disease)
Prednisolone	indication	heparin-induced thrombocytopenia (disease)
Hydrocortisone acetate	indication	acquired thrombocytopenia
Dexamethasone	indication	acquired thrombocytopenia
Dexamethasone	indication	heparin-induced thrombocytopenia (disease)
Cladribine	indication	hairy cell leukemia variant
Vindesine	indication	melanoma
Ibritumomab tiuxetan	indication	follicular lymphoma
Triamcinolone	indication	follicular lymphoma
Interferon alfa-2b	indication	hepatitis C virus infection
Vaniprevir	indication	chronic hepatitis C virus infection
Boceprevir	indication	hepatitis C virus infection
Voxilaprevir	indication	hepatitis C virus infection
Ombitasvir	indication	hepatitis C virus infection
Terazosin	indication	benign prostatic hyperplasia (disease)
Norfloxacin	indication	typhoid fever
Cefadroxil	indication	urinary tract infection (disease)
Plazomicin	indication	urinary tract infection (disease)
Cefprozil	indication	bronchitis
Norfloxacin	indication	bronchitis
Cysteine	indication	bronchitis
Norepinephrine	indication	bronchitis
Demeclocycline	indication	bronchitis
Vernakalant	indication	atrial fibrillation (disease)
Stanozolol	indication	hereditary angioedema
Captopril	indication	diabetic nephropathy
Dopamine	indication	hypotensive disorder
Epinephrine	indication	hypotensive disorder
Pegloticase	indication	gout
Edetic acid	indication	nephrocalcinosis
Hydrocortisone	indication	acne (disease)
Resorcinol	indication	acne (disease)
Nicotinyl alcohol	indication	pellagra
Phylloquinone	indication	nephrocalcinosis
Calcium lactate	indication	phosphorus metabolism disease
Dihydrotachysterol	indication	hypercalcemia disease
Dihydrotachysterol	indication	nephrocalcinosis
Calcium carbonate	indication	nephrocalcinosis
Calcium carbonate	indication	phosphorus metabolism disease
Calcium chloride	indication	nephrocalcinosis
Caffeine	indication	migraine with or without aura, susceptibility to
Fremanezumab	indication	migraine disorder
Erenumab	indication	migraine with or without aura, susceptibility to
Zolmitriptan	indication	migraine disorder
Colestilan chloride	indication	hyperlipidemia
Dextrothyroxine	indication	hyperlipidemia
Phendimetrazine	indication	monogenic obesity
Metamfetamine	indication	obesity disorder
Phenmetrazine	indication	monogenic obesity
Gemcitabine	indication	ovarian clear cell adenocarcinoma
Gemcitabine	indication	familial ovarian cancer
Gemcitabine	indication	immature ovarian teratoma
Olaparib	indication	ovarian adenocarcinoma
Olaparib	indication	malignant Sertoli-Leydig cell tumor of ovary
Altretamine	indication	yolk sac tumor
Altretamine	indication	ovarian endometrioid adenocarcinoma
Thiotepa	indication	borderline epithelial tumor of ovary
Thiotepa	indication	malignant dysgerminomatous germ cell tumor of ovary
Tretamine	indication	ovarian cancer
Paclitaxel	indication	ovarian clear cell adenocarcinoma
Paclitaxel	indication	hereditary site-specific ovarian cancer syndrome
Paclitaxel	indication	primary non-gestational choriocarcinoma of ovary
Rucaparib	indication	ovarian cancer
Rucaparib	indication	ovarian mucinous adenocarcinoma
Rucaparib	indication	ovarian endometrioid adenocarcinoma
Rucaparib	indication	familial ovarian cancer
Belotecan	indication	borderline epithelial tumor of ovary
Belotecan	indication	malignant non-dysgerminomatous germ cell tumor of ovary
Belotecan	indication	malignant dysgerminomatous germ cell tumor of ovary
Melphalan	indication	malignant germ cell tumor of ovary
Topotecan	indication	ovarian carcinosarcoma
Topotecan	indication	borderline epithelial tumor of ovary
Topotecan	indication	malignant non-dysgerminomatous germ cell tumor of ovary
Topotecan	indication	malignant dysgerminomatous germ cell tumor of ovary
Nafarelin	indication	endometriosis (disease)
Mestranol	indication	endometriosis of uterus
Progesterone	indication	endometriosis of uterus
Megestrol acetate	indication	endometrium neoplasm
Vinpocetine	indication	dementia (disease)
Amlodipine	indication	stroke disorder
Amlodipine	indication	cerebrovascular disorder
Amlodipine	indication	obsolete susceptibility to ischemic stroke
Telmisartan	indication	obsolete susceptibility to ischemic stroke
Dicoumarol	indication	myocardial infarction
Temozolomide	indication	anaplastic astrocytoma
Porfimer sodium	indication	non-small cell lung carcinoma (disease)
Nintedanib	indication	lung cancer
Pembrolizumab	indication	lung cancer
Temozolomide	indication	brain glioblastoma
Vancomycin	indication	Clostridium difficile colitis
Cefixime	indication	tonsillitis
Cefradine	indication	tonsillitis
Sulfamethoxazole	indication	infectious otitis media
Ciprofloxacin	indication	streptococcal infection
Erythromycin	indication	streptococcal infection
Dulaglutide	indication	type 2 diabetes mellitus
Alogliptin	indication	diabetes mellitus (disease)
Linagliptin	indication	type 2 diabetes mellitus
Metformin	indication	diabetes mellitus (disease)
Acarbose	indication	type 2 diabetes mellitus
Glipizide	indication	type 2 diabetes mellitus
Insulin glargine	indication	diabetes mellitus (disease)
Insulin lispro	indication	diabetes mellitus (disease)
Mannitol	indication	ocular hypertension
Brinzolamide	indication	ocular hypertension
Clobazam	indication	cutis verticis gyrata
Pramiracetam	indication	amnestic disorder
Salicylic acid	indication	pityriasis simplex
Terbutaline	indication	dermatitis
Benzoyl peroxide	indication	seborrheic keratosis
Mometasone furoate	indication	seborrheic keratosis
Fluticasone propionate	indication	seborrheic keratosis
Clobetasol propionate	indication	seborrheic dermatitis
Clobetasol propionate	indication	seborrheic keratosis
Acetarsol	indication	amebiasis
Quinfamide	indication	amebiasis
Acetazolamide	indication	angle-closure glaucoma
Hydrocortisone	indication	familial glucocorticoid deficiency
Betamethasone	indication	familial adrenal hypoplasia with absent pituitary luteinizing hormone
Triamcinolone	indication	familial adrenal hypoplasia with absent pituitary luteinizing hormone
Insulin lispro	indication	IDDM 1
Insulin human	indication	IDDM 1
Ambenonium	indication	myasthenia gravis
Nefazodone	indication	anxiety disorder
Paroxetine	indication	unipolar depression
Citalopram	indication	major depressive disorder
Fluoxetine	indication	endogenous depression
Olanzapine	indication	major depressive disorder
Cyanocobalamin	indication	vitamin deficiency disorder
Vitamin E	indication	cholestasis
Vitamin E	indication	familial intrahepatic cholestasis
Ceftriaxone	indication	bacterial pneumonia
Telavancin	indication	bacterial pneumonia
Fusidic acid	indication	anthrax infection
Kanamycin	indication	sclerosing cholangitis
Amikacin	indication	cholangitis
Amikacin	indication	suppurative cholangitis
Cilastatin	indication	peritonitis
Amikacin	indication	bacterial meningitis
Ceftriaxone	indication	streptococcal meningitis
Tetracycline	indication	anthrax infection
Demeclocycline	indication	anthrax infection
Minocycline	indication	Campylobacter fetus infectious disease
Phenoxybenzamine	indication	sympathetic paraganglioma
Phentolamine	indication	duodenum cancer
Colestilan chloride	indication	hyperphosphatemia (disease)
Hydroxychloroquine	indication	Plasmodium vivax malaria
Proguanil	indication	Plasmodium falciparum malaria
Quinine	indication	Plasmodium falciparum malaria
Quizartinib	indication	acute myeloid leukemia with t(6;9)(p23;q34)
Mitoxantrone	indication	myeloid leukemia
Mitoxantrone	indication	acute myeloblastic leukemia without maturation
Idarubicin	indication	acute myeloblastic leukemia without maturation
Idarubicin	indication	acute myeloid leukemia with t(6;9)(p23;q34)
Idarubicin	indication	therapy related acute myeloid leukemia and myelodysplastic syndrome
Azacitidine	indication	myeloid leukemia
Decitabine	indication	acute myeloid leukemia with t(8;21)(q22;q22) translocation
Doxorubicin	indication	acute myeloid leukemia with minimal differentiation
Gemtuzumab ozogamicin	indication	acute myeloblastic leukemia without maturation
Gemtuzumab ozogamicin	indication	therapy related acute myeloid leukemia and myelodysplastic syndrome
Daunorubicin	indication	myeloid leukemia
Daunorubicin	indication	acute myeloid leukemia and myelodysplastic syndromes related to topoisomerase type 2 inhibitor
Daunorubicin	indication	acute myeloblastic leukemia with maturation
Ivosidenib	indication	acute myeloid leukemia with CEBPA somatic mutations
Enasidenib	indication	acute myeloid leukemia with minimal differentiation
Gilteritinib	indication	acute myeloid leukemia and myelodysplastic syndromes related to topoisomerase type 2 inhibitor
Gilteritinib	indication	acute myeloid leukemia with t(8;21)(q22;q22) translocation
Midostaurin	indication	acute myeloid leukemia with minimal differentiation
Midostaurin	indication	acute myeloblastic leukemia without maturation
Vinblastine	indication	testicular teratoma
Dactinomycin	indication	spermatocytic seminoma
Plicamycin	indication	testicular seminoma
Valrubicin	indication	urinary bladder cancer
Valrubicin	indication	non-papillary transitional cell carcinoma of the bladder
Pazopanib	indication	sarcoma
Olaratumab	indication	sarcoma
Idelalisib	indication	acute lymphoblastic/lymphocytic leukemia
Ramucirumab	indication	gastric adenocarcinoma
Ramucirumab	indication	pediatric hepatocellular carcinoma
Ramucirumab	indication	undifferentiated carcinoma of liver and intrahepatic biliary tract
Elotuzumab	indication	plasma cell myeloma
Mesalazine	indication	ulcerative colitis (disease)
Balsalazide	indication	ulcerative colitis (disease)
Balsalazide	indication	inflammatory bowel disease
Prednisolone	indication	ulcerative colitis (disease)
Infliximab	indication	ulcerative colitis (disease)
Mechlorethamine	indication	chronic myelogenous leukemia, BCR-ABL1 positive
Ruxolitinib	indication	acquired polycythemia vera
Uracil mustard	indication	acquired polycythemia vera
Ruxolitinib	indication	bone marrow neoplasm
Lactulose	indication	hepatic coma
Dibromotyrosine	indication	Graves disease
Roxatidine acetate	indication	esophagitis (disease)
Famotidine	indication	gastroesophageal reflux disease
Silicon dioxide	indication	gastroesophageal reflux disease
Cimetidine	indication	esophagitis (disease)
Cimetidine	indication	peptic esophagitis
Dexrabeprazole	indication	gastroesophageal reflux disease
Levosalbutamol	indication	asthma
Methylprednisolone	indication	granuloma annulare
Fluocinonide	indication	granuloma annulare
Phentolamine	indication	intermittent vascular claudication
Scopolamine	indication	uveitis
Cortisone acetate	indication	iris disease
Cortisone acetate	indication	panuveitis (disease)
Rimexolone	indication	uveitis
Fluorometholone	indication	panuveitis (disease)
Triamcinolone	indication	panuveitis (disease)
Tazobactam	indication	appendicitis
Methylprednisolone	indication	skin disease
Prednisone	indication	skin disease
Dexamethasone	indication	actinic keratosis (disease)
Ambroxol	indication	pharyngitis
Glycerin	indication	constipation disorder
Medroxyprogesterone acetate	indication	osteoporosis
Bazedoxifene	indication	postmenopausal osteoporosis
Phylloquinone	indication	congenital prothrombin deficiency
Ciclopirox	indication	tinea corporis
Econazole	indication	tinea infection
Xylometazoline	indication	pharyngitis
Diphenylpyraline	indication	pharyngitis
Oxymetazoline	indication	common cold
Simvastatin	indication	hyperlipidemia, familial combined, LPL related
Niacin	indication	hyperlipidemia, familial combined, LPL related
Ciprofibrate	indication	obsolete familial combined hyperlipidemia
Oteracil	indication	gastric carcinoma
Tegafur	indication	gastric neoplasm
Tegafur	indication	gastric carcinoma
Zanubrutinib	indication	mantle cell lymphoma
Fendiline	indication	myocardial ischemia
Mannitol	indication	intracranial hypertension
Formoterol	indication	pulmonary emphysema
Tulobuterol	indication	pulmonary emphysema
Mepyramine	indication	vernal conjunctivitis
Tripelennamine	indication	atopic conjunctivitis
Tripelennamine	indication	vernal conjunctivitis
Emedastine	indication	atopic conjunctivitis
Emedastine	indication	vernal conjunctivitis
Brompheniramine	indication	vernal conjunctivitis
Cyclizine	indication	atopic conjunctivitis
Tromethamine	indication	atopic conjunctivitis
Fusidic acid	indication	papillary conjunctivitis
Pemirolast	indication	atopic conjunctivitis
Nedocromil	indication	papillary conjunctivitis
Hydroxyzine	indication	papillary conjunctivitis
Hydroxyzine	indication	vernal conjunctivitis
Phenylephrine	indication	papillary conjunctivitis
Azatadine	indication	papillary conjunctivitis
Dexchlorpheniramine	indication	atopic conjunctivitis
Dexchlorpheniramine	indication	vernal conjunctivitis
Alcaftadine	indication	atopic conjunctivitis
Desloratadine	indication	papillary conjunctivitis
Epoprostenol	indication	rhinitis
Guaifenesin	indication	nasopharyngitis
Potassium Iodide	indication	nasopharyngitis
Codeine	indication	nasopharyngitis
Salicylic acid	indication	common cold
Methscopolamine	indication	nasopharyngitis
Chlorpheniramine	indication	nasopharyngitis
Tramazoline	indication	nasopharyngitis
Von Willebrand Factor Human	indication	von Willebrand disease (hereditary or acquired)
Pheniramine	indication	headache disorder
Alipogene tiparvovec	indication	familial lipoprotein lipase deficiency
Alipogene tiparvovec	indication	familial chylomicronemia syndrome
Cefepime	indication	staphylococcus aureus infection
Ceftizoxime	indication	staphylococcal infection
Cefadroxil	indication	staphylococcus aureus infection
Cefradine	indication	staphylococcus aureus infection
Linezolid	indication	staphylococcal infection
Erythromycin	indication	staphylococcal infection
Zinc oxide	indication	cutaneous candidiasis
Prednisolone	indication	keratoconjunctivitis
Bacitracin	indication	keratoconjunctivitis
Cholic Acid	indication	cholelithiasis
Cholic Acid	indication	choledocholithiasis
Ursodeoxycholic acid	indication	choledocholithiasis
Homatropine	indication	obstructive jaundice
Tripelennamine	indication	familial dermatographia
Antazoline	indication	familial dermatographia
Dexbrompheniramine	indication	familial dermatographia
Mepyramine	indication	angioedema
Methapyrilene	indication	urticaria (disease)
Brompheniramine	indication	angioedema
Bilastine	indication	angioedema
Dihydroergotamine	indication	obsolete vascular headache
Ergotamine	indication	obsolete vascular headache
Clarithromycin	indication	streptococcal pneumonia
Loracarbef	indication	streptococcal pneumonia
Cefotaxime	indication	streptococcal pneumonia
Troleandomycin	indication	streptococcal pneumonia
Moxifloxacin	indication	streptococcal pneumonia
Gatifloxacin	indication	streptococcal pneumonia
Levofloxacin	indication	streptococcal pneumonia
Norfloxacin	indication	intestinal infectious disease
Sulfamethoxazole	indication	shigellosis
Ampicillin	indication	shigellosis
Risperidone	indication	schizophrenia
Phenytoin	indication	partial motor epilepsy
Mephenytoin	indication	partial motor epilepsy
Brivaracetam	indication	partial motor epilepsy
Griseofulvin	indication	tinea unguium
Selenium Sulfide	indication	pityriasis versicolor
Ketoconazole	indication	pityriasis versicolor
Ciclopirox	indication	pityriasis versicolor
Econazole	indication	dermatophytosis of groin and perianal area
Pramocaine	indication	dermatophytosis of groin and perianal area
Ebastine	indication	idiopathic urticaria
Urokinase	indication	pulmonary embolism (disease)
Alteplase	indication	pulmonary embolism (disease)
Elosulfase alfa	indication	mucopolysaccharidosis
Ranibizumab	indication	diabetic cataract
Ampicillin	indication	endocarditis
Procaine benzylpenicillin	indication	endocarditis
Metronidazole	indication	subacute bacterial endocarditis
Cefazolin	indication	endocarditis
Cefapirin	indication	subacute bacterial endocarditis
Polidocanol	indication	varicose disease
Collagenase clostridium histolyticum	indication	penile fibromatosis
Reslizumab	indication	eosinophilic pneumonia
Mepolizumab	indication	eosinophilic pneumonia
Tiludronic acid	indication	juvenile Paget disease
Salmon calcitonin	indication	juvenile Paget disease
Aceclofenac	indication	osteoarthritis susceptibility
Proglumetacin	indication	osteoarthritis
Indomethacin	indication	osteoarthritis susceptibility
Dexibuprofen	indication	arthropathy
Flurbiprofen	indication	arthropathy
Acetylsalicylic acid	indication	osteoarthritis susceptibility
Etodolac	indication	osteoarthritis susceptibility
Piroxicam	indication	arthropathy
Tiaprofenic acid	indication	osteoarthritis
Tiaprofenic acid	indication	arthropathy
Naproxen	indication	arthropathy
Formoterol	indication	intrinsic asthma
Salmeterol	indication	allergic asthma
Formoterol	indication	allergic asthma
Acetylcarnitine	indication	Alzheimer disease
Epicriptine	indication	Alzheimer disease without neurofibrillary tangles
Epicriptine	indication	Reye syndrome
Rivastigmine	indication	Alzheimer disease
Selexipag	indication	pulmonary arterial hypertension
Terguride	indication	pulmonary arterial hypertension
Dexrabeprazole	indication	duodenal ulcer (disease)
Diltiazem	indication	Prinzmetal angina
Carbenoxolone	indication	esophageal ulcer
Benzoic acid	indication	scleroderma (disease)
Benzoic acid	indication	systemic sclerosis
Cefuroxime	indication	acute gonococcal cervicitis
Norfloxacin	indication	maxillary sinusitis
Norfloxacin	indication	gonorrhea
Erythromycin	indication	gonorrhea
Amphotericin B	indication	Actinomycetales infectious disease
Demeclocycline	indication	actinomycosis
Demeclocycline	indication	erythrasma
Benzylpenicillin	indication	gingivitis
Amphotericin B	indication	gingivitis
Scopolamine	indication	cycloplegia
Homatropine	indication	Clostridium difficile colitis
Dicyclomine	indication	Clostridium difficile colitis
Clidinium	indication	Clostridium difficile colitis
Clidinium	indication	neurocirculatory asthenia
Scopolamine	indication	neurocirculatory asthenia
Tiopronin	indication	cystinuria
Tiopronin	indication	G6PD deficiency
Dactinomycin	indication	gestational trophoblastic neoplasm
Miltefosine	indication	leishmaniasis
Fluconazole	indication	Cryptococcal meningitis
Anidulafungin	indication	candidemia
Ketoconazole	indication	coccidioidomycosis
Amphotericin B	indication	black piedra
Itraconazole	indication	disseminated candidiasis
Moxisylyte	indication	psychologic dyspareunia
Avanafil	indication	premature ejaculation (disease)
Ranibizumab	indication	retinal artery occlusion
Sermorelin	indication	isolated congenital growth hormone deficiency
Somatotropin	indication	pituitary dwarfism
Procyclidine	indication	postencephalitic Parkinson disease
Valbenazine	indication	lingual-facial-buccal dyskinesia
Orphenadrine	indication	parkinsonian disorder
Metixene	indication	Parkinson disease
Sacrosidase	indication	congenital sucrase-isomaltase deficiency
Ofloxacin	indication	otitis externa
Azithromycin	indication	conjunctivitis
Azithromycin	indication	acute contagious conjunctivitis
Trimethoprim	indication	conjunctivitis
Besifloxacin	indication	acute contagious conjunctivitis
Gramicidin D	indication	acute contagious conjunctivitis
Levofloxacin	indication	acute contagious conjunctivitis
Ciprofloxacin	indication	malignant otitis externa caused by Pseudomonas aeruginosa
Norfloxacin	indication	malignant otitis externa caused by Pseudomonas aeruginosa
Ticarcillin	indication	rhinoscleroma
Ciprofloxacin	indication	bacterial arthritis
Ofloxacin	indication	arthropathy
Cilastatin	indication	bacterial arthritis
Norfloxacin	indication	arthropathy
Cefapirin	indication	arthropathy
Cefalotin	indication	bacterial arthritis
Ofloxacin	indication	yaws
Norfloxacin	indication	necrotizing ulcerative gingivitis
Fusidic acid	indication	leptospirosis
Streptomycin	indication	lymphogranuloma venereum
Doxycycline	indication	leptospirosis
Demeclocycline	indication	yaws
Demeclocycline	indication	necrotizing ulcerative gingivitis
Minocycline	indication	lymphogranuloma venereum
Ciprofloxacin	indication	trigonitis
Amikacin	indication	escherichia coli infection
Decitabine	indication	myelodysplastic syndrome
Cabozantinib	indication	renal cell carcinoma (disease)
Sunitinib	indication	nonpapillary renal cell carcinoma
Tivozanib	indication	renal cell carcinoma (disease)
Lenvatinib	indication	nonpapillary renal cell carcinoma
Lenvatinib	indication	renal cell adenocarcinoma
Axitinib	indication	renal cell carcinoma (disease)
Axitinib	indication	clear cell renal carcinoma
Temsirolimus	indication	renal cell carcinoma (disease)
Fusidic acid	indication	Mycoplasma pneumoniae pneumonia
Lorazepam	indication	visual epilepsy
Diazepam	indication	Wernicke-Korsakoff syndrome
Dinoprostone	indication	pregnancy disorder with abortive outcome
Mebendazole	indication	enterobiasis
Ethinylestradiol	indication	postmenopausal atrophic vaginitis
Desoximetasone	indication	primary cutaneous T-cell non-Hodgkin lymphoma
Halcinonide	indication	primary cutaneous T-cell non-Hodgkin lymphoma
Denileukin diftitox	indication	primary cutaneous T-cell lymphoma
Triamcinolone	indication	primary cutaneous T-cell non-Hodgkin lymphoma
Desoximetasone	indication	neurodermatitis
Betamethasone	indication	neurodermatitis
Halcinonide	indication	neurodermatitis
Mometasone furoate	indication	discoid lupus erythematosus
Prednisolone	indication	lupus erythematosus
Cortisone acetate	indication	discoid lupus erythematosus
Cortisone acetate	indication	chronic cutaneous lupus erythematosus
Fluocinonide	indication	chronic cutaneous lupus erythematosus
Fluocinonide	indication	lupus erythematosus
Halcinonide	indication	lupus erythematosus
Flurandrenolide	indication	chronic cutaneous lupus erythematosus
Hydroxychloroquine	indication	lupus erythematosus
Trovafloxacin	indication	pneumonia caused by chlamydia
Calcifediol	indication	rickets (disease)
Lanreotide	indication	acromegaly
Octreotide	indication	carcinoid syndrome
Crofelemer	indication	non-infectious diarrheal disease
Dextroamphetamine	indication	attention deficit hyperactivity disorder, inattentive type
Clonidine	indication	attention deficit hyperactivity disorder, inattentive type
Amphetamine	indication	attention deficit-hyperactivity disorder
Meloxicam	indication	spondyloarthropathy
Methotrexate	indication	spondyloarthropathy
Prednisolone	indication	juvenile arthritis due to defect in LACC1
Cortisone acetate	indication	juvenile idiopathic arthritis
Tocilizumab	indication	spondyloarthropathy
Adalimumab	indication	spondyloarthropathy
Triamcinolone	indication	juvenile idiopathic arthritis
Aurothioglucose	indication	spondyloarthropathy
Betamethasone	indication	epicondylitis
Methylprednisolone	indication	chondrocalcinosis
Betamethasone	indication	musculoskeletal system disease
Betamethasone	indication	chondrocalcinosis
Ozagrel	indication	intracranial vasospasm
Ceftizoxime	indication	staphylococcal pneumonia
Cefradine	indication	staphylococcal pneumonia
Cefoxitin	indication	staphylococcal pneumonia
Cefazolin	indication	staphylococcal pneumonia
Clindamycin	indication	staphylococcal pneumonia
Norfloxacin	indication	urethritis (disease)
Fusidic acid	indication	urethritis (disease)
Demeclocycline	indication	acute gonococcal endometritis
Oxytetracycline	indication	pneumonia
Loracarbef	indication	pneumonia
Diltiazem	indication	ventricular tachycardia
Scopolamine	indication	infectious anterior uveitis
Cortisone acetate	indication	iridocyclitis (disease)
Dexamethasone	indication	idiopathic uveitis
Medrysone	indication	iridocyclitis (disease)
Aztreonam	indication	endometritis
Ceftazidime	indication	endometritis
Pravastatin	indication	hyperlipoproteinemia
Spinosad	indication	Pediculus humanus capitis infestation
Dapsone	indication	leprosy
Secnidazole	indication	vulvitis
Darunavir	indication	HIV infectious disease
Tipranavir	indication	HIV infectious disease
Tenofovir	indication	HIV infectious disease
Tenofovir	indication	AIDS
Abacavir	indication	HIV infectious disease
Nevirapine	indication	HIV infectious disease
Bupropion	indication	major affective disorder
Rutin	indication	scurvy
Sulfamethoxazole	indication	conjunctivitis
Amphotericin B	indication	cat-scratch disease
Oxytetracycline	indication	Q fever
Fusidic acid	indication	Q fever
Meclocycline	indication	trypanosomiasis
Tetracycline	indication	brucellosis
Tetracycline	indication	relapsing fever
Tetracycline	indication	syphilis
Fusidic acid	indication	ornithosis
Fusidic acid	indication	trachoma
Streptomycin	indication	tularemia
Fusidic acid	indication	gonococcal epididymo-orchitis
Minocycline	indication	Japanese spotted fever
Roxatidine acetate	indication	gastrin secretion abnormality
Roxatidine acetate	indication	hyperinsulinism (disease)
Pantoprazole	indication	Zollinger-Ellison syndrome
Sapropterin	indication	phenylketonuria
Zinc acetate	indication	hereditary hemochromatosis
Penicillamine	indication	hereditary hemochromatosis
Triethylenetetramine	indication	hereditary hemochromatosis
Nitric Oxide	indication	congenital alveolar capillary dysplasia
Iron	indication	microcytic anemia
Ferumoxytol	indication	iron deficiency anemia
Cyanocobalamin	indication	hypochromic anemia
Cyanocobalamin	indication	deficiency anemia
Folic acid	indication	hypochromic anemia
Ferric maltol	indication	deficiency anemia
Ferrous fumarate	indication	deficiency anemia
Histrelin	indication	precocious puberty
Leuprolide	indication	familial male-limited precocious puberty
Enalapril	indication	heart failure
Paclitaxel	indication	peritoneum cancer
Paclitaxel	indication	primary peritoneal carcinoma (disease)
Paclitaxel	indication	primary peritoneal serous/papillary carcinoma
Testosterone cypionate	indication	hypogonadism, male
Testosterone enanthate	indication	cryptorchidism (disease)
Tranilast	indication	keloid formation
Triamcinolone	indication	alopecia areata
Triamcinolone	indication	sympathetic ophthalmia
Omoconazole	indication	tinea favosa
Omoconazole	indication	fungal infectious disease
Alprostadil	indication	atypical coarctation of aorta
Forodesine	indication	peripheral T-cell lymphoma, not otherwise specified
Mogamulizumab	indication	primary cutaneous CD4+ small/medium-sized pleomorphic T-cell lymphoma
Amikacin	indication	Escherichia coli meningitis
Ceftizoxime	indication	Peptostreptococcus infectious disease
Dapoxetine	indication	psychologic dyspareunia
Trifluridine	indication	squamous cell carcinoma of colon
Fluorouracil	indication	colorectal cancer
Fusidic acid	indication	keratoconjunctivitis
Trepibutone	indication	pancreatitis
Liothyronine	indication	medullary thyroid gland carcinoma
Pitolisant	indication	central nervous system disease
Amphetamine	indication	Balo concentric sclerosis
Solriamfetol	indication	central nervous system disease
Carmustine	indication	pleomorphic xanthoastrocytoma
Carmustine	indication	juvenile pilocytic astrocytoma
Carmustine	indication	oligodendroglial tumor
Vincristine	indication	ALK-positive large B-cell lymphoma
Prednisone	indication	Epstein-Barr virus-positive diffuse large B-cell lymphoma of the elderly
Carmustine	indication	Epstein-Barr virus-positive diffuse large B-cell lymphoma of the elderly
Bleomycin	indication	primary cutaneous diffuse large B-cell lymphoma, Leg type
Bleomycin	indication	ALK-positive large B-cell lymphoma
Calcifediol	indication	renal osteodystrophy
Nintedanib	indication	idiopathic interstitial pneumonia
Amifampridine	indication	Lambert-Eaton myasthenic syndrome
Cysteine	indication	bronchiectasis
Norepinephrine	indication	bronchiectasis
Pirbuterol	indication	idiopathic bronchiectasis
Tafamidis	indication	AL amyloidosis
Glycerol phenylbutyrate	indication	citrullinemia
Benzylpenicillin	indication	intestinal botulism
Benzylpenicillin	indication	tabes dorsalis
Procaine benzylpenicillin	indication	asymptomatic neurosyphilis
Ticarcillin	indication	aspiration pneumonia (disease)
Clindamycin	indication	pneumonitis
Benzylpenicillin	indication	rat-bite fever
Procaine benzylpenicillin	indication	Treponema infectious disease
Selumetinib	indication	neurofibromatosis
Tenoxicam	indication	arthropathy
Testosterone undecanoate	indication	primary ovarian failure
Testosterone undecanoate	indication	hypogonadotropic hypogonadism
Lonidamine	indication	lung neoplasm
Biotin	indication	nutritional biotin deficiency
Paclitaxel	indication	breast neoplasm
Doxorubicin	indication	breast carcinoma
Doxorubicin	indication	breast neoplasm
Vibegron	indication	overactive bladder (disease)
Eculizumab	indication	paroxysmal nocturnal hemoglobinuria
Galsulfase	indication	mucopolysaccharidosis
Albendazole	indication	echinococcus granulosus infectious disease
Bupropion	indication	nicotine dependence
Lodoxamide	indication	vernal conjunctivitis
Propranolol	indication	laryngotracheal angioma
Buprenorphine	indication	substance abuse/dependence
Methadyl acetate	indication	substance abuse/dependence
Spironolactone	indication	Waterhouse-Friderichsen syndrome
Moroxydine	indication	influenza, severe, susceptibility to
Stiripentol	indication	developmental and epileptic encephalopathy
Somatotropin	indication	Prader-Willi syndrome
Diazoxide	indication	Zollinger-Ellison syndrome
Ranibizumab	indication	retinopathy of prematurity
Deferiprone	indication	beta-thalassemia and related diseases
Luspatercept	indication	hemoglobinopathy
Carbamazepine	indication	glossopharyngeal motor neuropathy
Moroctocog alfa	indication	hemophilia
Emicizumab	indication	symptomatic form of hemophilia in female carriers
Efmoroctocog alfa	indication	symptomatic form of hemophilia in female carriers
Tolnaftate	indication	tinea barbae
Tolnaftate	indication	dermatophytosis of scalp or beard
Griseofulvin	indication	tinea barbae
Benznidazole	indication	Chagas disease
Bevacizumab	indication	fallopian tube carcinoma
Laronidase	indication	Hurler syndrome
Daunorubicin	indication	acute erythroid leukemia
Tagraxofusp	indication	CD4+/CD56+ hematodermic neoplasm
Tenecteplase	indication	coronary thrombosis
Reteplase	indication	hemoglobinopathy
Reteplase	indication	coronary thrombosis
Alteplase	indication	hemoglobinopathy
Alteplase	indication	myocardial infarction (disease)
Metreleptin	indication	Berardinelli-Seip congenital lipodystrophy
Posaconazole	indication	candidiasis
Atezolizumab	indication	transitional cell carcinoma
Amphotericin B	indication	cryptococcosis
Sebelipase alfa	indication	lysosomal lipid storage disorder
Hydroxyurea	indication	sickle cell disease and related diseases
Nusinersen	indication	spinal muscular atrophy
Nelarabine	indication	acute lymphoblastic/lymphocytic leukemia
Asfotase alfa	indication	hypophosphatasia
Erythromycin	indication	erythrasma
Teprotumumab	indication	endocrine exophthalmos
Pexidartinib	indication	tenosynovial giant cell tumor
Coagulation factor VIIa Recombinant Human	indication	Glanzmann thrombasthenia
